{"cameraMode":{"drawMode":0,"name":"Shaded","section":"Shading Mode"},"sceneLighting":true,"audioPlay":false,"sceneViewState":{"showFog":true,"showMaterialUpdate":false,"showSkybox":true,"showFlares":true,"showImageEffects":true,"showParticleSystems":true,"showVisualEffectGraphs":true,"m_FxEnabled":true},"in2DMode":false,"pivot":{"x":1.1371043920516968,"y":-2.5659961700439455,"z":-7.8042449951171879},"rotation":{"x":0.0494297556579113,"y":-0.04492978751659393,"z":0.0022256828378885986,"w":0.9977652430534363},"size":1.3953564167022706,"orthographic":false}